{"Version":null,"BotDisplayName":null,"AppInsightsInstrumentationKey":null,"AuthenticationMode":"Unspecified","AuthenticationTrigger":"AsNeeded","Intents":[{"kind":"Default","EndUserOverrideName":null,"AvailableInChannels":[],"SystemIntentTypes":[],"extractVariableIds":[],"confirmVariableIds":[],"IntentType":"Regular","TriggerQueries":["teste","ola","OL"],"DialogId":"new_topic_89e52a1df3284540a1fa40a25bb398bc","IsTriggeringEnabled":true,"CanTriggeringBeDisabled":true,"category":null,"Id":"new_topic_89e52a1df3284540a1fa40a25bb398bc","DisplayName":"Sem título","Description":null,"ShareContext":{},"CreatedTime":"2025-06-16T11:50:44.9252023Z","UpdatedTime":"2025-06-16T11:51:27.6009569Z","CreatedUserId":"fa94c490-da4a-42fa-8ef0-ff7db99d8fa3","UpdatedUserId":"fa94c490-da4a-42fa-8ef0-ff7db99d8fa3","IsManaged":false,"IsCustomizable":true,"Etag":"W/\"920384\"","VersionNumber":0,"ComponentId":"00000000-0000-0000-0000-000000000000"}],"ObiIntents":[],"NamedEntities":[],"Dialogs":[{"RootNodeId":"ed4d3115-288f-4436-83fe-216bd452d402","DialogType":"Regular","MessageNodes":[{"BotMessageId":"2174f446-e41b-4572-bd7c-4589e1bf4723","NodeType":"BotMessageNode","Id":"ed4d3115-288f-4436-83fe-216bd452d402","Routes":[],"DefaultTargetNodeId":"b5b1eb0f-2708-41e0-847a-d6c1f0725130"},{"BotMessageId":"d12f43b4-6fe8-41c2-956a-e01c9490d155","NodeType":"BotMessageNode","Id":"b5b1eb0f-2708-41e0-847a-d6c1f0725130","Routes":[],"DefaultTargetNodeId":null}],"ActionNodes":[],"DialogChangeNodes":[],"QuestionNodes":[],"AgentTransferNodes":[],"LoginNodes":[],"Id":"new_topic_89e52a1df3284540a1fa40a25bb398bc","DisplayName":"Sem título","Description":null,"ShareContext":{},"CreatedTime":"2025-06-16T11:50:44.9251985Z","UpdatedTime":"2025-06-16T11:51:27.6009554Z","CreatedUserId":"fa94c490-da4a-42fa-8ef0-ff7db99d8fa3","UpdatedUserId":"fa94c490-da4a-42fa-8ef0-ff7db99d8fa3","IsManaged":false,"IsCustomizable":true,"Etag":"W/\"920384\"","VersionNumber":0,"ComponentId":"00000000-0000-0000-0000-000000000000"}],"ObiDialogs":[],"DialogSchemas":[],"BotMessages":[{"ChannelContent":{"web":{"ContentFormat":"Markdown","Content":"teste"}},"Id":"2174f446-e41b-4572-bd7c-4589e1bf4723","DisplayName":null,"Description":null,"ShareContext":{},"CreatedTime":"2025-06-16T11:48:32.174Z","UpdatedTime":"2025-06-16T11:48:32.174Z","CreatedUserId":null,"UpdatedUserId":null,"IsManaged":false,"IsCustomizable":true,"Etag":"W/\"920384\"","VersionNumber":0,"ComponentId":"00000000-0000-0000-0000-000000000000"},{"ChannelContent":{"web":{"ContentFormat":"Markdown","Content":"[https://mmcbr.sharepoint.com/sites/Testes/Documentos%20Compartilhados/Bot1/anexo-aquivo.png](https://mmcbr.sharepoint.com/sites/Testes/Documentos%20Compartilhados/Bot1/anexo-aquivo.png)"}},"Id":"d12f43b4-6fe8-41c2-956a-e01c9490d155","DisplayName":null,"Description":null,"ShareContext":{},"CreatedTime":"2025-06-16T11:48:48.679Z","UpdatedTime":"2025-06-16T11:48:48.679Z","CreatedUserId":"user-0","UpdatedUserId":"user-0","IsManaged":false,"IsCustomizable":true,"Etag":"W/\"920384\"","VersionNumber":0,"ComponentId":"00000000-0000-0000-0000-000000000000"}],"ActionDefinitions":[],"LoginActions":[],"ContextVariables":[],"Skills":[],"CreatedUtc":"0001-01-01T00:00:00","ComponentDeltaToken":null,"ClosedListTypes":[],"ExampleBasedTypes":[],"RegexTypes":[],"JsonTypes":[],"OpenListTypes":[],"SystemIntentIds":{},"SystemVariableIds":{},"SystemNamedEntityIds":{},"Configuration":{"categories":[],"channels":[],"settings":{},"publishOnCreate":false,"isLightweightBot":false},"ObiContent":{},"ObiTracingMetadata":null,"SchemaNameToComponentId":{}}