<botcomponent schemaname="new_topic_68ebaeaca74af011877a6045bd3ada7d_21a34f1673a24096a99ba0effb63cc1d">
  <componenttype>0</componenttype>
  <description>Lição 2 - Esta lição mostrará como criar um tópico simples com uma ramificação condicional e uma variável.

Uma variável é o nome de um item que será usado posteriormente no fluxo de tópicos. Neste exemplo, "pva_StoreLocation" é o nome da variável quando você pergunta ao usuário sobre a Localização da Loja de sua preferência.</description>
  <iscustomizable>1</iscustomizable>
  <name>Lição 2 - Um tópico simples com uma condição e uma variável</name>
  <statecode>0</statecode>
  <statuscode>1</statuscode>
</botcomponent>