<botcomponent schemaname="cre1b_smarteamHelper.topic.manual_ordem_engenhariapdf_HJh_LfgqyLbCR5zCjuH47">
  <componenttype>16</componenttype>
  <description>Esta fonte de conhecimento fornece informações encontradas em manual_ordem_engenharia.pdf SharePoint.</description>
  <iscustomizable>0</iscustomizable>
  <name>manual_ordem_engenharia.pdf</name>
  <parentbotid>
    <schemaname>cre1b_smarteamHelper</schemaname>
  </parentbotid>
  <statecode>0</statecode>
  <statuscode>1</statuscode>
</botcomponent>