{
  "namedEntities": [
    {
      "synonyms": [
        "home"
      ],
      "id": "ff0ca6dd-de7a-4bee-b849-16210d63f3c5",
      "displayName": "Usuário Doméstico",
      "updatedTime": "2025-06-16T11:47:45.4109612Z",
      "updatedUserId": "fa94c490-da4a-42fa-8ef0-ff7db99d8fa3"
    },
    {
      "synonyms": [
        "gaming"
      ],
      "id": "2ccf421b-89a6-43a8-8b4f-b8d8f63b58bf",
      "displayName": "Jogador",
      "updatedTime": "2025-06-16T11:47:45.4109612Z",
      "updatedUserId": "fa94c490-da4a-42fa-8ef0-ff7db99d8fa3"
    },
    {
      "synonyms": [
        "business"
      ],
      "id": "2d32734c-9552-47c5-963b-563fe1d9ea7e",
      "displayName": "Usuário Empresarial",
      "updatedTime": "2025-06-16T11:47:45.4109612Z",
      "updatedUserId": "fa94c490-da4a-42fa-8ef0-ff7db99d8fa3"
    }
  ],
  "closedListTypes": [
    {
      "namedEntities": [
        "ff0ca6dd-de7a-4bee-b849-16210d63f3c5",
        "2ccf421b-89a6-43a8-8b4f-b8d8f63b58bf",
        "2d32734c-9552-47c5-963b-563fe1d9ea7e"
      ],
      "smartMatchingEnabled": true,
      "customTypeSchema": "ClosedList",
      "id": "new_customtype_68ebaeaca74af011877a6045bd3ada7d_f86fcadfd497444e91ed11c12b059d10",
      "displayName": "Tipo de Uso",
      "description": "Entidade Tipo de Uso da Lição 4",
      "createdTime": "2019-10-25T14:03:43.9601778Z",
      "updatedTime": "2025-06-16T11:47:45.4109612Z",
      "createdUserId": "user0",
      "updatedUserId": "fa94c490-da4a-42fa-8ef0-ff7db99d8fa3"
    }
  ]
}